Context Switch ¦¸¼Æ: ,1268,Context Switch Cost: ,0, Average Waiting Time: ,247.306, Average TurnAround Time: ,262.349, Average Response Time: ,28.697, Longest Wait: ,7976, Longest Turn: ,7987, Longest Response: ,478, end time ,15065, Throughput: ,0.066379

id,turnaround time,waiting time,response time,priority,burst time,arrive time,finished time
1,20,0,0,4,20,16,36
2,15,8,8,6,7,28,43
3,16,0,0,1,16,45,61
4,14,3,3,7,11,58,72
5,344,330,0,10,14,73,417
6,21,0,0,2,21,84,105
7,12,4,4,8,8,101,113
8,14,0,0,3,14,114,128
9,11,0,0,1,11,128,139
10,32,12,1,7,20,138,170
11,11,0,0,4,11,148,159
12,49,38,9,7,11,161,210
13,16,0,0,2,16,177,193
14,15,2,2,2,13,191,206
15,42,23,6,8,19,204,246
16,17,0,0,6,17,214,231
17,34,21,21,8,13,225,259
18,159,148,26,10,11,233,392
19,16,0,0,2,16,261,277
20,15,1,1,3,14,276,291
21,19,1,1,4,18,290,309
22,37,22,4,4,15,305,342
23,18,0,0,1,18,323,341
24,12,2,2,8,10,340,352
25,19,0,0,1,19,353,372
26,16,4,4,6,12,368,384
27,15,0,0,1,15,392,407
28,9,1,1,3,8,406,415
29,21,0,0,1,21,420,441
30,24,7,7,8,17,434,458
31,110,95,14,9,15,444,554
32,21,0,0,4,21,459,480
33,31,9,0,5,22,483,514
34,68,55,23,9,13,491,559
35,9,0,0,2,9,504,513
36,21,0,0,7,21,522,543
37,3400,3385,7,10,15,536,3936
38,4693,4675,10,10,18,549,5242
39,77,57,0,9,20,560,637
40,16,0,0,2,16,568,584
41,44,22,3,6,22,581,625
42,19,0,0,4,19,592,611
43,29,20,20,9,9,617,646
44,400,387,17,9,13,629,1029
45,17,0,0,5,17,648,665
46,46,31,3,8,15,662,708
47,28,15,0,7,13,670,698
48,15,0,0,2,15,679,694
49,404,387,216,9,17,693,1097
50,130,114,2,8,16,706,836
51,14,0,0,7,14,718,732
52,34,14,0,4,20,733,767
53,14,0,0,3,14,745,759
54,26,14,3,7,12,764,790
55,11,0,0,1,11,776,787
56,23,0,0,4,23,794,817
57,20,2,2,4,18,815,835
58,19,0,0,1,19,838,857
59,37,21,5,8,16,852,889
60,16,0,0,4,16,860,876
61,646,624,37,10,22,872,1518
62,24,4,4,8,20,885,909
63,497,485,71,10,12,898,1395
64,61,46,0,7,15,914,975
65,14,0,0,6,14,922,936
66,16,0,0,3,16,937,953
67,16,0,0,3,16,953,969
68,13,3,3,7,10,972,985
69,35,15,0,2,20,985,1020
70,15,0,0,1,15,1001,1016
71,88,72,41,9,16,1024,1112
72,33,17,0,8,16,1032,1065
73,17,0,0,5,17,1044,1061
74,51,38,38,9,13,1059,1110
75,9,0,0,8,9,1079,1088
76,110,96,48,9,14,1095,1205
77,19,0,0,8,19,1112,1131
78,12,0,0,4,12,1131,1143
79,18,0,0,3,18,1145,1163
80,42,24,12,6,18,1151,1193
81,12,0,0,2,12,1165,1177
82,76,66,66,9,10,1182,1258
83,83,69,69,9,14,1189,1272
84,16,0,0,4,16,1205,1221
85,14,0,0,7,14,1221,1235
86,13,0,0,2,13,1235,1248
87,132,113,21,9,19,1251,1383
88,2424,2406,77,10,18,1271,3695
89,19,0,0,4,19,1283,1302
90,28,13,0,8,15,1305,1333
91,13,0,0,5,13,1319,1332
92,14,0,0,4,14,1334,1348
93,23,3,3,5,20,1345,1368
94,17,6,6,6,11,1362,1379
95,3264,3243,75,10,21,1378,4642
96,4672,4661,98,10,11,1391,6063
97,46,32,0,9,14,1407,1453
98,17,0,0,4,17,1415,1432
99,15,0,0,7,15,1433,1448
100,2488,2471,91,10,17,1441,3929
101,17,0,0,4,17,1455,1472
102,16,0,0,7,16,1473,1489
103,22,3,3,9,19,1486,1508
104,621,608,108,10,13,1497,2118
105,14,0,0,5,14,1518,1532
106,9,0,0,7,9,1533,1542
107,15,0,0,1,15,1550,1565
108,16,0,0,2,16,1566,1582
109,17,8,8,2,9,1574,1591
110,20,6,6,3,14,1585,1605
111,15,1,1,7,14,1604,1619
112,28,16,0,3,12,1619,1647
113,16,0,0,1,16,1628,1644
114,15,3,3,7,12,1644,1659
115,39,18,0,9,21,1660,1699
116,18,0,0,7,18,1673,1691
117,4557,4536,116,10,21,1685,6242
118,390,371,0,9,19,1699,2089
119,90,69,0,8,21,1711,1801
120,15,0,0,4,15,1724,1739
121,8,0,0,7,8,1740,1748
122,16,0,0,2,16,1750,1766
123,38,24,8,7,14,1758,1796
124,16,0,0,1,16,1773,1789
125,19,11,11,8,8,1790,1809
126,35,17,7,8,18,1802,1837
127,10,0,0,3,10,1821,1831
128,14,0,0,6,14,1837,1851
129,14,0,0,1,14,1851,1865
130,20,0,0,1,20,1867,1887
131,49,32,11,7,17,1876,1925
132,21,0,0,6,21,1895,1916
133,147,130,11,7,17,1914,2061
134,22,0,0,6,22,1926,1948
135,55,42,8,6,13,1940,1995
136,17,0,0,1,17,1958,1975
137,22,5,5,4,17,1970,1992
138,60,42,10,6,18,1985,2045
139,15,0,0,2,15,1997,2012
140,17,0,0,5,17,2012,2029
141,58,35,35,8,23,2026,2084
142,1906,1893,145,10,13,2043,3949
143,2161,2150,165,10,11,2058,4219
144,4601,4587,188,10,14,2079,6680
145,14,0,0,8,14,2091,2105
146,4821,4800,212,10,21,2110,6931
147,18,0,0,8,18,2125,2143
148,23,4,4,8,19,2139,2162
149,75,54,4,8,21,2158,2233
150,15,0,0,5,15,2173,2188
151,17,0,0,1,17,2188,2205
152,20,2,2,4,18,2203,2223
153,127,112,21,8,15,2212,2339
154,352,331,138,9,21,2222,2574
155,91,71,0,7,20,2237,2328
156,12,0,0,5,12,2255,2267
157,60,46,1,6,14,2266,2326
158,23,0,0,1,23,2277,2300
159,33,18,11,2,15,2289,2322
160,57,47,36,8,10,2303,2360
161,7,0,0,1,7,2309,2316
162,80,68,68,9,12,2328,2408
163,11,0,0,3,11,2341,2352
164,24,12,0,7,12,2363,2387
165,12,0,0,6,12,2373,2385
166,11,2,2,8,9,2385,2396
167,149,132,81,9,17,2399,2548
168,17,0,0,1,17,2417,2434
169,33,16,2,3,17,2432,2465
170,14,0,0,2,14,2448,2462
171,15,0,0,5,15,2465,2480
172,16,0,0,2,16,2487,2503
173,18,8,8,3,10,2495,2513
174,16,3,3,6,13,2510,2526
175,11,0,0,3,11,2527,2538
176,4136,4117,178,10,19,2542,6678
177,18,0,0,5,18,2554,2572
178,2654,2633,190,10,21,2567,5221
179,44,25,0,7,19,2577,2621
180,16,0,0,3,16,2595,2611
181,13,4,4,6,9,2607,2620
182,95,77,0,9,18,2625,2720
183,19,0,0,6,19,2639,2658
184,27,9,9,6,18,2649,2676
185,37,23,8,7,14,2668,2705
186,15,0,0,4,15,2688,2703
187,11,0,0,2,11,2706,2717
188,14,0,0,4,14,2722,2736
189,20,0,0,4,20,2737,2757
190,36,22,10,4,14,2747,2783
191,12,0,0,1,12,2764,2776
192,12,3,3,4,9,2780,2792
193,16,0,0,4,16,2794,2810
194,13,0,0,4,13,2814,2827
195,10,0,0,2,10,2831,2841
196,14,0,0,1,14,2843,2857
197,46,34,1,3,12,2856,2902
198,33,18,0,2,15,2867,2900
199,18,0,0,1,18,2877,2895
200,297,275,236,8,22,2890,3187
201,20,2,2,3,18,2900,2920
202,89,67,2,7,22,2918,3007
203,18,0,0,1,18,2936,2954
204,53,37,6,5,16,2948,3001
205,15,0,0,3,15,2969,2984
206,22,6,6,4,16,2978,3000
207,138,121,19,7,17,2988,3126
208,113,102,102,7,11,3003,3116
209,91,76,0,5,15,3014,3105
210,40,22,0,3,18,3028,3068
211,22,0,0,1,22,3045,3067
212,25,6,6,3,19,3062,3087
213,24,7,7,4,17,3080,3104
214,315,305,202,9,10,3095,3410
215,85,67,42,8,18,3104,3189
216,3700,3677,232,10,23,3120,6820
217,14,0,0,2,14,3132,3146
218,284,269,192,9,15,3145,3429
219,9,0,0,6,9,3162,3171
220,118,100,10,8,18,3179,3297
221,23,0,0,4,23,3190,3213
222,39,21,7,6,18,3206,3245
223,14,0,0,1,14,3222,3236
224,202,184,116,9,18,3236,3438
225,16,0,0,1,16,3253,3269
226,19,0,0,5,19,3269,3288
227,257,238,114,9,19,3280,3537
228,17,0,0,6,17,3301,3318
229,27,8,8,6,19,3310,3337
230,267,252,89,9,15,3321,3588
231,8,0,0,5,8,3344,3352
232,17,0,0,1,17,3361,3378
233,16,0,0,6,16,3378,3394
234,9,0,0,5,9,3395,3404
235,9,0,0,7,9,3412,3421
236,4954,4938,208,10,16,3432,8386
237,11,0,0,8,11,3444,3455
238,16,0,0,3,16,3456,3472
239,38,18,1,8,20,3471,3509
240,17,0,0,5,17,3489,3506
241,20,4,4,8,16,3505,3525
242,85,70,44,9,15,3525,3610
243,8,0,0,7,8,3537,3545
244,14,0,0,1,14,3555,3569
245,14,0,0,7,14,3572,3586
246,10,0,0,6,10,3597,3607
247,10,0,0,2,10,3610,3620
248,13,0,0,8,13,3627,3640
249,13,0,0,4,13,3645,3658
250,33,14,0,7,19,3659,3692
251,14,0,0,5,14,3672,3686
252,2403,2388,212,10,15,3684,6087
253,15,0,0,5,15,3696,3711
254,25,6,6,8,19,3705,3730
255,43,25,9,8,18,3721,3764
256,6,0,0,7,6,3739,3745
257,10,0,0,4,10,3752,3762
258,27,13,0,7,14,3769,3796
259,13,0,0,2,13,3780,3793
260,6,0,0,1,6,3798,3804
261,76,59,0,7,17,3820,3896
262,59,39,0,6,20,3832,3891
263,11,0,0,1,11,3845,3856
264,29,13,1,4,16,3855,3884
265,12,0,0,3,12,3871,3883
266,28,18,8,8,10,3888,3916
267,10,0,0,3,10,3902,3912
268,5277,5259,205,10,18,3927,9204
269,1946,1936,211,10,10,3940,5886
270,16,0,0,1,16,3953,3969
271,21,0,0,6,21,3971,3992
272,46,33,3,7,13,3989,4035
273,15,0,0,1,15,4001,4016
274,16,1,1,4,15,4015,4031
275,77,64,9,9,13,4026,4103
276,22,0,0,7,22,4037,4059
277,71,54,20,9,17,4050,4121
278,7,0,0,1,7,4063,4070
279,13,0,0,6,13,4083,4096
280,14,0,0,5,14,4106,4120
281,4,0,0,7,4,4128,4132
282,13,0,0,3,13,4138,4151
283,37,12,0,4,25,4151,4188
284,12,0,0,3,12,4167,4179
285,1716,1700,224,10,16,4181,5897
286,23,0,0,1,23,4190,4213
287,256,243,243,10,13,4204,4460
288,8,0,0,5,8,4226,4234
289,62,39,0,9,23,4237,4299
290,15,0,0,1,15,4253,4268
291,11,1,1,5,10,4267,4278
292,15,1,1,6,14,4277,4292
293,92,77,11,9,15,4288,4380
294,14,0,0,6,14,4304,4318
295,13,0,0,1,13,4323,4336
296,14,0,0,1,14,4339,4353
297,13,1,1,5,12,4352,4365
298,13,0,0,6,13,4366,4379
299,16,0,0,2,16,4389,4405
300,16,0,0,4,16,4405,4421
301,22,0,0,8,22,4425,4447
302,1217,1203,235,10,14,4447,5664
303,20,0,0,3,20,4461,4481
304,95,82,0,8,13,4483,4578
305,39,23,0,3,16,4492,4531
306,23,0,0,1,23,4507,4530
307,20,9,9,4,11,4522,4542
308,43,26,11,4,17,4531,4574
309,15,0,0,3,15,4545,4560
310,70,53,42,9,17,4553,4623
311,26,9,9,8,17,4569,4595
312,984,978,226,10,6,4586,5570
313,11,0,0,3,11,4605,4616
314,12,0,0,3,12,4626,4638
315,17,0,0,2,17,4646,4663
316,41,28,6,4,13,4657,4698
317,11,0,0,3,11,4671,4682
318,11,0,0,3,11,4684,4695
319,96,78,4,8,18,4694,4790
320,20,0,0,4,20,4705,4725
321,13,4,4,4,9,4721,4734
322,34,15,0,3,19,4736,4770
323,15,0,0,1,15,4749,4764
324,20,9,9,4,11,4761,4781
325,1939,1928,258,10,11,4779,6718
326,19,0,0,1,19,4793,4812
327,26,7,7,4,19,4805,4831
328,32,13,13,4,19,4818,4850
329,32,18,18,6,14,4832,4864
330,35,24,24,7,11,4840,4875
331,81,62,17,9,19,4858,4939
332,24,0,0,3,24,4877,4901
333,34,25,25,6,9,4888,4922
334,12,0,0,3,12,4901,4913
335,2643,2624,278,10,19,4916,7559
336,112,95,3,9,17,4936,5048
337,15,0,0,6,15,4948,4963
338,30,13,0,5,17,4964,4994
339,13,0,0,2,13,4980,4993
340,13,0,0,8,13,4996,5009
341,34,14,0,6,20,5012,5046
342,14,0,0,1,14,5023,5037
343,108,92,9,9,16,5039,5147
344,25,13,0,8,12,5050,5075
345,13,0,0,3,13,5060,5073
346,17,0,0,1,17,5077,5094
347,16,2,2,2,14,5092,5108
348,27,14,0,7,13,5111,5138
349,14,0,0,5,14,5123,5137
350,62,41,11,9,21,5136,5198
351,1996,1981,266,10,15,5149,7145
352,30,17,0,8,13,5165,5195
353,17,0,0,3,17,5177,5194
354,1649,1631,234,10,18,5194,6843
355,10,0,0,3,10,5206,5216
356,11,0,0,4,11,5225,5236
357,16,0,0,3,16,5242,5258
358,18,4,4,8,14,5254,5272
359,61,46,4,9,15,5268,5329
360,28,18,0,8,10,5277,5305
361,18,0,0,5,18,5284,5302
362,785,768,250,10,17,5295,6080
363,14,0,0,3,14,5312,5326
364,17,0,0,2,17,5330,5347
365,23,6,6,2,17,5341,5364
366,29,12,12,2,17,5352,5381
367,30,18,18,2,12,5363,5393
368,143,130,19,7,13,5374,5517
369,41,28,28,7,13,5387,5428
370,16,0,0,5,16,5399,5415
371,102,90,29,7,12,5414,5516
372,11,0,0,4,11,5432,5443
373,22,0,0,5,22,5452,5474
374,37,18,0,5,19,5476,5513
375,18,0,0,1,18,5489,5507
376,44,30,10,9,14,5507,5551
377,11,0,0,7,11,5521,5532
378,9,0,0,2,9,5536,5545
379,8,0,0,6,8,5556,5564
380,21,0,0,2,21,5572,5593
381,21,4,4,3,17,5589,5610
382,14,0,0,5,14,5611,5625
383,16,0,0,1,16,5626,5642
384,8,0,0,7,8,5642,5650
385,13,0,0,7,13,5667,5680
386,11,0,0,4,11,5685,5696
387,19,0,0,1,19,5698,5717
388,16,2,2,9,14,5715,5731
389,23,0,0,1,23,5735,5758
390,87,73,7,9,14,5751,5838
391,43,21,0,8,22,5770,5813
392,21,0,0,7,21,5781,5802
393,41,30,18,8,11,5795,5836
394,2586,2572,229,10,14,5804,8390
395,12,0,0,1,12,5822,5834
396,12,0,0,2,12,5838,5850
397,16,0,0,2,16,5851,5867
398,13,0,0,2,13,5867,5880
399,2646,2635,246,10,11,5876,8522
400,1669,1649,254,10,20,5889,7558
401,12,0,0,7,12,5903,5915
402,29,13,0,6,16,5921,5950
403,13,0,0,5,13,5936,5949
404,13,0,0,3,13,5952,5965
405,18,0,0,1,18,5967,5985
406,45,26,6,5,19,5979,6024
407,20,0,0,2,20,5994,6014
408,20,11,11,7,9,6013,6033
409,12,1,1,9,11,6032,6044
410,8,0,0,7,8,6049,6057
411,4292,4279,256,10,13,6069,10361
412,20,0,0,1,20,6090,6110
413,18,6,6,3,12,6104,6122
414,20,0,0,1,20,6123,6143
415,11,0,0,7,11,6143,6154
416,15,0,0,1,15,6160,6175
417,12,2,2,4,10,6173,6185
418,8,0,0,7,8,6190,6198
419,16,0,0,9,16,6209,6225
420,12,0,0,6,12,6229,6241
421,13,0,0,8,13,6250,6263
422,37,15,0,7,22,6270,6307
423,15,0,0,5,15,6284,6299
424,23,5,5,7,18,6302,6325
425,75,64,8,8,11,6317,6392
426,20,0,0,5,20,6327,6347
427,53,36,36,8,17,6338,6391
428,19,0,0,1,19,6355,6374
429,186,177,22,8,9,6370,6556
430,177,168,24,8,9,6380,6557
431,9,0,0,2,9,6395,6404
432,138,113,0,6,25,6412,6550
433,18,0,0,3,18,6429,6447
434,109,93,93,6,16,6438,6547
435,16,0,0,1,16,6452,6468
436,63,40,0,5,23,6468,6531
437,12,0,0,1,12,6487,6499
438,16,0,0,2,16,6499,6515
439,12,0,0,4,12,6516,6528
440,49,35,22,9,14,6535,6584
441,4787,4771,167,10,16,6551,11338
442,13,0,0,3,13,6569,6582
443,8,0,0,1,8,6584,6592
444,36,22,0,4,14,6598,6634
445,22,0,0,3,22,6609,6631
446,21,10,10,7,11,6624,6645
447,12,0,0,5,12,6649,6661
448,14,0,0,8,14,6661,6675
449,15,0,0,6,15,6681,6696
450,12,0,0,5,12,6700,6712
451,12,0,0,6,12,6723,6735
452,15,0,0,3,15,6738,6753
453,30,13,0,3,17,6755,6785
454,13,0,0,2,13,6771,6784
455,15,1,1,9,14,6784,6799
456,11,0,0,1,11,6806,6817
457,14,0,0,8,14,6825,6839
458,53,28,0,9,25,6845,6898
459,12,0,0,1,12,6859,6871
460,16,0,0,5,16,6878,6894
461,13,0,0,6,13,6898,6911
462,16,0,0,3,16,6913,6929
463,16,0,0,3,16,6932,6948
464,7987,7976,161,10,11,6943,14930
465,17,0,0,8,17,6956,6973
466,17,0,0,3,17,6974,6991
467,21,2,2,7,19,6989,7010
468,86,71,7,8,15,7003,7089
469,29,18,0,4,11,7013,7042
470,18,0,0,2,18,7023,7041
471,68,47,22,8,21,7036,7104
472,13,0,0,5,13,7045,7058
473,16,0,0,4,16,7064,7080
474,39,24,24,8,15,7080,7119
475,33,16,16,8,17,7103,7136
476,23,15,15,9,8,7121,7144
477,20,9,0,7,11,7146,7166
478,9,0,0,4,9,7156,7165
479,34,11,0,8,23,7172,7206
480,11,0,0,2,11,7187,7198
481,351,335,5,9,16,7201,7552
482,22,0,0,3,22,7210,7232
483,140,119,8,6,21,7224,7364
484,12,0,0,1,12,7236,7248
485,16,0,0,4,16,7248,7264
486,53,38,38,6,15,7258,7311
487,14,0,0,1,14,7267,7281
488,15,0,0,1,15,7281,7296
489,74,59,32,6,15,7302,7376
490,17,0,0,2,17,7317,7334
491,214,198,60,8,16,7326,7540
492,19,0,0,1,19,7337,7356
493,38,28,28,6,10,7348,7386
494,2993,2983,139,10,10,7373,10366
495,11,0,0,3,11,7387,7398
496,13,0,0,3,13,7409,7422
497,30,16,0,2,14,7422,7452
498,16,0,0,1,16,7430,7446
499,19,8,8,3,11,7444,7463
500,80,64,7,7,16,7456,7536
501,9,0,0,2,9,7470,7479
502,17,0,0,2,17,7481,7498
503,12,0,0,1,12,7500,7512
504,19,0,0,5,19,7513,7532
505,973,957,133,10,16,7533,8506
506,4917,4899,174,10,18,7545,12462
507,18,0,0,5,18,7561,7579
508,179,161,8,8,18,7571,7750
509,37,15,0,4,22,7581,7618
510,15,0,0,3,15,7601,7616
511,17,0,0,1,17,7621,7638
512,16,0,0,4,16,7642,7658
513,17,9,9,7,8,7649,7666
514,101,86,37,8,15,7663,7764
515,26,12,0,4,14,7674,7700
516,12,0,0,3,12,7686,7698
517,18,0,0,3,18,7701,7719
518,32,14,2,7,18,7717,7749
519,12,0,0,5,12,7731,7743
520,109,93,17,9,16,7747,7856
521,7088,7072,172,10,16,7758,14846
522,6,0,0,2,6,7769,7775
523,15,0,0,1,15,7780,7795
524,40,21,0,5,19,7798,7838
525,21,0,0,3,21,7816,7837
526,19,4,4,5,15,7834,7853
527,218,208,9,9,10,7847,8065
528,12,0,0,6,12,7858,7870
529,59,39,0,5,20,7871,7930
530,26,0,0,1,26,7887,7913
531,21,8,8,2,13,7905,7926
532,121,102,6,6,19,7924,8045
533,13,0,0,3,13,7934,7947
534,43,24,0,4,19,7952,7995
535,24,0,0,3,24,7965,7989
536,26,14,14,4,12,7981,8007
537,26,11,11,4,15,7996,8022
538,50,37,37,7,13,8008,8058
539,13,0,0,1,13,8026,8039
540,224,209,21,9,15,8044,8268
541,6,0,0,1,6,8067,8073
542,10,0,0,1,10,8077,8087
543,18,0,0,4,18,8089,8107
544,141,118,10,8,23,8097,8238
545,135,120,24,8,15,8114,8249
546,12,0,0,7,12,8126,8138
547,12,0,0,2,12,8142,8154
548,16,2,2,2,14,8152,8168
549,24,7,7,5,17,8161,8185
550,44,28,5,6,16,8180,8224
551,10,0,0,2,10,8193,8203
552,13,0,0,4,13,8207,8220
553,3341,3318,154,10,23,8215,11556
554,10,0,0,5,10,8224,8234
555,3103,3092,169,10,11,8239,11342
556,12,0,0,4,12,8250,8262
557,29,7,7,9,22,8261,8290
558,31,16,16,9,15,8274,8305
559,6603,6592,201,10,11,8295,14898
560,59,43,0,6,16,8313,8372
561,21,0,0,1,21,8326,8347
562,18,8,8,1,10,8339,8357
563,16,4,4,1,12,8353,8369
564,10,0,0,3,10,8375,8385
565,25,10,0,7,15,8391,8416
566,10,0,0,5,10,8398,8408
567,51,37,4,8,14,8412,8463
568,18,0,0,2,18,8423,8441
569,19,4,4,2,15,8437,8456
570,48,31,13,8,17,8450,8498
571,1905,1894,239,10,11,8466,10371
572,18,0,0,4,18,8478,8496
573,2153,2141,225,10,12,8490,10643
574,12,0,0,3,12,8508,8520
575,17,0,0,3,17,8527,8544
576,615,591,3,9,24,8541,9156
577,18,0,0,1,18,8548,8566
578,35,16,5,4,19,8561,8596
579,11,0,0,1,11,8581,8592
580,117,99,0,6,18,8599,8716
581,42,15,0,2,27,8616,8658
582,92,75,56,4,17,8623,8715
583,15,0,0,1,15,8636,8651
584,26,5,5,3,21,8653,8679
585,290,282,282,8,8,8667,8957
586,19,0,0,1,19,8686,8705
587,93,79,18,6,14,8698,8791
588,375,360,360,9,15,8712,9087
589,11,0,0,1,11,8721,8732
590,50,32,0,5,18,8735,8785
591,32,16,0,4,16,8748,8780
592,16,0,0,1,16,8758,8774
593,259,239,188,8,20,8769,9028
594,23,9,9,6,14,8782,8805
595,118,102,11,6,16,8794,8912
596,29,14,0,4,15,8810,8839
597,14,0,0,1,14,8824,8838
598,22,0,0,3,22,8839,8861
599,21,11,11,5,10,8850,8871
600,30,14,0,4,16,8871,8901
601,14,0,0,3,14,8883,8897
602,28,13,13,6,15,8899,8927
603,36,28,28,7,8,8913,8949
604,14,0,0,2,14,8927,8941
605,1862,1849,175,10,13,8939,10801
606,9,0,0,2,9,8958,8967
607,14,0,0,1,14,8970,8984
608,14,2,2,2,12,8982,8996
609,9,4,4,5,5,8992,9001
610,11,0,0,3,11,9006,9017
611,138,129,65,9,9,9022,9160
612,33,11,0,8,22,9039,9072
613,11,0,0,6,11,9050,9061
614,5040,5030,200,10,10,9060,14100
615,5850,5838,214,10,12,9071,14921
616,29,11,0,6,18,9088,9117
617,11,0,0,2,11,9103,9114
618,13,0,0,8,13,9122,9135
619,16,0,0,4,16,9139,9155
620,16,0,0,2,16,9164,9180
621,9,0,0,2,9,9185,9194
622,14,0,0,9,14,9210,9224
623,35,22,0,4,13,9227,9262
624,22,0,0,1,22,9238,9260
625,26,3,3,4,23,9259,9285
626,334,317,95,9,17,9272,9606
627,16,6,6,4,10,9279,9295
628,76,58,4,6,18,9291,9367
629,17,0,0,2,17,9298,9315
630,4889,4870,239,10,19,9313,14202
631,18,0,0,1,18,9326,9344
632,16,4,4,4,12,9340,9356
633,14,7,7,5,7,9349,9363
634,22,10,0,8,12,9368,9390
635,10,0,0,7,10,9378,9388
636,32,13,0,6,19,9390,9422
637,13,0,0,1,13,9404,9417
638,593,576,33,9,17,9417,10010
639,14,0,0,8,14,9436,9450
640,127,102,0,7,25,9452,9579
641,20,0,0,1,20,9464,9484
642,33,24,4,6,9,9480,9513
643,20,0,0,5,20,9491,9511
644,749,729,478,9,20,9502,10251
645,19,0,0,5,19,9515,9534
646,14,0,0,6,14,9538,9552
647,20,0,0,4,20,9553,9573
648,33,16,8,8,17,9571,9604
649,8,0,0,3,8,9589,9597
650,622,615,385,9,7,9608,10230
651,19,0,0,1,19,9620,9639
652,124,101,14,7,23,9625,9749
653,100,81,23,7,19,9641,9741
654,12,0,0,5,12,9652,9664
655,73,61,61,7,12,9666,9739
656,18,0,0,2,18,9681,9699
657,17,0,0,3,17,9701,9718
658,10,1,1,3,9,9717,9727
659,62,46,46,8,16,9733,9795
660,30,19,0,6,11,9749,9779
661,19,0,0,2,19,9759,9778
662,70,57,16,8,13,9779,9849
663,225,212,212,9,13,9798,10023
664,22,0,0,7,22,9803,9825
665,25,6,6,7,19,9819,9844
666,145,123,14,8,22,9835,9980
667,16,0,0,2,16,9851,9867
668,66,52,7,7,14,9860,9926
669,45,30,0,6,15,9868,9913
670,13,0,0,1,13,9880,9893
671,20,3,3,4,17,9890,9910
672,25,13,13,7,12,9913,9938
673,21,10,10,7,11,9928,9949
674,4143,4128,221,10,15,9948,14091
675,11,0,0,5,11,9964,9975
676,11,0,0,3,11,9982,9993
677,13,0,0,5,13,9996,10009
678,785,763,238,10,22,10013,10798
679,18,0,0,1,18,10028,10046
680,19,6,6,8,13,10040,10059
681,107,89,0,8,18,10062,10169
682,16,0,0,3,16,10071,10087
683,15,3,3,6,12,10084,10099
684,29,10,0,4,19,10099,10128
685,53,30,21,7,23,10107,10160
686,10,0,0,2,10,10117,10127
687,9,0,0,5,9,10135,10144
688,480,468,217,10,12,10154,10634
689,20,0,0,4,20,10169,10189
690,16,3,3,4,13,10186,10202
691,15,1,1,7,14,10201,10216
692,12,0,0,6,12,10217,10229
693,9,0,0,4,9,10238,10247
694,17,0,0,6,17,10256,10273
695,15,0,0,4,15,10275,10290
696,15,0,0,2,15,10291,10306
697,14,0,0,3,14,10308,10322
698,20,0,0,7,20,10324,10344
699,19,6,6,9,13,10338,10357
700,272,256,256,10,16,10359,10631
701,82,67,0,8,15,10380,10462
702,14,0,0,4,14,10390,10404
703,14,3,3,6,11,10401,10415
704,25,12,0,6,13,10415,10440
705,12,0,0,5,12,10425,10437
706,17,0,0,2,17,10442,10459
707,26,9,9,8,17,10453,10479
708,51,36,23,9,15,10470,10521
709,14,0,0,1,14,10479,10493
710,4524,4507,253,10,17,10495,15019
711,13,0,0,8,13,10506,10519
712,4178,4159,247,10,19,10516,14694
713,19,0,0,3,19,10529,10548
714,23,7,7,3,16,10541,10564
715,28,8,8,5,20,10556,10584
716,51,38,20,9,13,10564,10615
717,18,0,0,7,18,10586,10604
718,4164,4144,249,10,20,10600,14764
719,804,793,272,10,11,10618,11422
720,1081,1069,286,10,12,10633,11714
721,19,0,0,5,19,10651,10670
722,15,4,4,7,11,10666,10681
723,21,3,3,7,18,10678,10699
724,42,33,8,8,9,10691,10733
725,25,8,0,4,17,10706,10731
726,8,0,0,2,8,10720,10728
727,11,0,0,2,11,10737,10748
728,13,0,0,8,13,10750,10763
729,14,0,0,9,14,10767,10781
730,1672,1659,262,10,13,10788,12460
731,14,0,0,7,14,10803,10817
732,15,0,0,8,15,10820,10835
733,9,0,0,5,9,10840,10849
734,19,0,0,3,19,10858,10877
735,20,7,7,3,13,10870,10890
736,47,36,4,9,11,10886,10933
737,32,16,0,6,16,10893,10925
738,16,0,0,2,16,10903,10919
739,26,13,13,9,13,10920,10946
740,284,263,38,9,21,10936,11220
741,16,0,0,2,16,10946,10962
742,14,2,2,7,12,10960,10974
743,12,0,0,8,12,10977,10989
744,26,10,0,4,16,10991,11017
745,10,0,0,1,10,11005,11015
746,33,18,0,3,15,11017,11050
747,18,0,0,2,18,11031,11049
748,15,3,3,7,12,11047,11062
749,13,0,0,4,13,11064,11077
750,20,0,0,4,20,11077,11097
751,96,82,82,9,14,11096,11192
752,18,0,0,8,18,11110,11128
753,3206,3196,223,10,10,11119,14325
754,15,0,0,5,15,11128,11143
755,43,32,8,8,11,11135,11178
756,15,0,0,5,15,11144,11159
757,9,0,0,7,9,11165,11174
758,58,42,42,9,16,11178,11236
759,17,0,0,2,17,11192,11209
760,13,3,3,7,10,11206,11219
761,3754,3742,294,10,12,11225,14979
762,15,0,0,8,15,11242,11257
763,16,0,0,6,16,11264,11280
764,32,19,5,6,13,11275,11307
765,14,0,0,2,14,11290,11304
766,33,21,7,8,12,11300,11333
767,14,0,0,6,14,11315,11329
768,1140,1130,311,10,10,11332,12472
769,60,35,0,9,25,11351,11411
770,18,0,0,6,18,11373,11391
771,17,0,0,8,17,11392,11409
772,3397,3383,265,10,14,11407,14804
773,14,0,0,4,14,11422,11436
774,21,0,0,5,21,11442,11463
775,21,9,9,5,12,11454,11475
776,14,0,0,5,14,11475,11489
777,25,11,0,9,14,11494,11519
778,11,0,0,7,11,11506,11517
779,30,12,0,3,18,11519,11549
780,12,0,0,2,12,11533,11545
781,3470,3454,300,10,16,11548,15018
782,20,0,0,1,20,11567,11587
783,37,19,6,2,18,11581,11618
784,13,0,0,1,13,11599,11612
785,57,42,3,6,15,11615,11672
786,15,0,0,1,15,11628,11643
787,10,0,0,5,10,11643,11653
788,14,0,0,4,14,11653,11667
789,13,0,0,1,13,11672,11685
790,19,2,2,6,17,11683,11702
791,3171,3150,277,10,21,11703,14874
792,27,0,0,2,27,11714,11741
793,33,20,20,5,13,11721,11754
794,39,24,24,5,15,11730,11769
795,107,96,31,9,11,11751,11858
796,15,2,2,7,13,11767,11782
797,16,0,0,4,16,11787,11803
798,25,5,5,4,20,11798,11823
799,33,16,4,8,17,11819,11852
800,12,0,0,4,12,11836,11848
801,25,17,4,9,8,11854,11879
802,13,0,0,5,13,11863,11876
803,50,28,0,6,22,11879,11929
804,14,0,0,5,14,11896,11910
805,14,0,0,1,14,11913,11927
806,3139,3123,285,10,16,11926,15065
807,19,0,0,9,19,11938,11957
808,2847,2833,327,10,14,11948,14795
809,20,9,0,8,11,11960,11980
810,9,0,0,1,9,11967,11976
811,18,0,0,1,18,11985,12003
812,12,3,3,7,9,12000,12012
813,15,0,0,2,15,12013,12028
814,21,0,0,4,21,12030,12051
815,18,9,9,7,9,12042,12060
816,15,3,3,9,12,12057,12072
817,46,25,0,4,21,12074,12120
818,16,0,0,3,16,12084,12100
819,9,0,0,2,9,12100,12109
820,19,5,5,6,14,12115,12134
821,14,2,2,8,12,12132,12146
822,9,0,0,3,9,12153,12162
823,39,18,0,7,21,12172,12211
824,18,0,0,5,18,12188,12206
825,203,189,9,9,14,12202,12405
826,62,45,0,7,17,12214,12276
827,14,0,0,3,14,12230,12244
828,31,9,0,4,22,12244,12275
829,9,0,0,2,9,12254,12263
830,2516,2507,268,10,9,12265,14781
831,61,45,0,7,16,12284,12345
832,10,0,0,3,10,12295,12305
833,16,0,0,4,16,12308,12324
834,19,0,0,4,19,12324,12343
835,50,38,5,7,12,12340,12390
836,11,0,0,4,11,12351,12362
837,11,0,0,4,11,12367,12378
838,11,0,0,5,11,12378,12389
839,12,0,0,3,12,12391,12403
840,18,0,0,1,18,12411,12429
841,9,0,0,7,9,12431,12440
842,10,0,0,6,10,12444,12454
843,2589,2566,339,10,23,12455,15044
844,2592,2579,338,10,13,12464,15056
845,20,0,0,1,20,12475,12495
846,21,4,4,8,17,12491,12512
847,229,209,9,8,20,12503,12732
848,16,0,0,7,16,12517,12533
849,19,0,0,1,19,12533,12552
850,18,6,6,1,12,12546,12564
851,16,4,4,2,12,12560,12576
852,2261,2247,330,10,14,12576,14837
853,39,18,0,3,21,12590,12629
854,18,0,0,1,18,12605,12623
855,42,22,22,4,20,12619,12661
856,12,0,0,3,12,12629,12641
857,91,76,56,7,15,12640,12731
858,25,11,11,6,14,12650,12675
859,41,28,20,6,13,12655,12696
860,253,237,153,9,16,12673,12926
861,8,0,0,5,8,12687,12695
862,9,0,0,5,9,12697,12706
863,11,0,0,1,11,12716,12727
864,2296,2283,333,10,13,12719,15015
865,94,77,0,8,17,12732,12826
866,77,53,0,7,24,12747,12824
867,37,13,0,4,24,12765,12802
868,13,0,0,1,13,12781,12794
869,16,0,0,3,16,12804,12820
870,36,14,0,8,22,12829,12865
871,14,0,0,4,14,12845,12859
872,139,123,47,9,16,12859,12998
873,16,0,0,5,16,12874,12890
874,21,5,5,5,16,12885,12906
875,167,159,37,9,8,12900,13067
876,12,0,0,6,12,12910,12922
877,11,0,0,2,11,12926,12937
878,45,31,0,8,14,12941,12986
879,15,0,0,2,15,12950,12965
880,16,0,0,4,16,12969,12985
881,573,562,34,9,11,12982,13555
882,16,0,0,3,16,13000,13016
883,33,13,0,4,20,13019,13052
884,13,0,0,3,13,13027,13040
885,20,7,7,5,13,13045,13065
886,750,730,459,9,20,13060,13810
887,265,245,0,6,20,13073,13338
888,19,0,0,4,19,13084,13103
889,260,244,244,7,16,13094,13354
890,18,0,0,1,18,13109,13127
891,23,3,3,2,20,13124,13147
892,26,3,3,3,23,13144,13170
893,122,113,21,5,9,13159,13281
894,11,1,1,4,10,13169,13180
895,15,0,0,3,15,13185,13200
896,41,19,0,3,22,13200,13241
897,19,0,0,2,19,13210,13229
898,296,274,222,8,22,13223,13519
899,50,30,30,5,20,13230,13280
900,16,0,0,4,16,13244,13260
901,168,142,101,7,26,13253,13421
902,1556,1540,338,10,16,13265,14821
903,30,12,0,4,18,13281,13311
904,12,0,0,2,12,13295,13307
905,17,6,6,4,11,13305,13322
906,13,0,0,2,13,13322,13335
907,92,74,44,7,18,13340,13432
908,133,122,122,8,11,13353,13486
909,17,0,0,2,17,13367,13384
910,1560,1546,398,10,14,13384,14944
911,17,0,0,1,17,13391,13408
912,1588,1562,389,10,26,13417,15005
913,13,0,0,4,13,13432,13445
914,17,0,0,6,17,13447,13464
915,11,0,0,2,11,13464,13475
916,324,305,73,9,19,13482,13806
917,13,0,0,5,13,13495,13508
918,300,288,104,9,12,13509,13809
919,29,9,0,2,20,13524,13553
920,9,0,0,1,9,13537,13546
921,1222,1205,387,10,17,13552,14774
922,19,0,0,5,19,13567,13586
923,22,5,5,5,17,13581,13603
924,14,4,4,6,10,13599,13613
925,1220,1205,395,10,15,13609,14829
926,11,0,0,7,11,13622,13633
927,1223,1203,415,10,20,13637,14860
928,22,0,0,1,22,13647,13669
929,31,10,10,4,21,13659,13690
930,69,57,57,7,12,13676,13745
931,34,19,0,6,15,13690,13724
932,19,0,0,1,19,13704,13723
933,19,10,10,6,9,13714,13733
934,139,117,82,9,22,13728,13867
935,54,34,0,4,20,13745,13799
936,19,0,0,2,19,13763,13782
937,20,5,5,3,15,13777,13797
938,1184,1169,382,10,15,13793,14977
939,113,98,28,9,15,13806,13919
940,10,0,0,4,10,13824,13834
941,17,0,0,1,17,13842,13859
942,118,104,29,9,14,13857,13975
943,14,0,0,3,14,13872,13886
944,17,0,0,4,17,13887,13904
945,16,3,3,7,13,13901,13917
946,18,0,0,6,18,13921,13939
947,10,0,0,2,10,13943,13953
948,15,0,0,1,15,13956,13971
949,13,0,0,5,13,13977,13990
950,15,1,1,5,14,13989,14004
951,15,0,0,3,15,14011,14026
952,26,11,0,4,15,14026,14052
953,11,0,0,1,11,14039,14050
954,12,0,0,7,12,14058,14070
955,18,0,0,1,18,14072,14090
956,809,791,423,10,18,14083,14892
957,52,34,0,6,18,14103,14155
958,23,0,0,1,23,14118,14141
959,784,768,409,10,16,14130,14914
960,11,0,0,1,11,14143,14154
961,35,22,1,9,13,14154,14189
962,11,0,0,5,11,14164,14175
963,10,0,0,3,10,14175,14185
964,16,0,0,4,16,14202,14218
965,13,2,2,6,11,14216,14229
966,17,0,0,6,17,14236,14253
967,17,2,2,7,15,14251,14268
968,58,44,2,8,14,14266,14324
969,42,27,0,7,15,14281,14323
970,16,0,0,5,16,14290,14306
971,11,0,0,1,11,14309,14320
972,11,0,0,7,11,14325,14336
973,9,0,0,6,9,14343,14352
974,9,0,0,5,9,14354,14363
975,11,0,0,1,11,14363,14374
976,23,3,3,2,20,14371,14394
977,427,414,414,10,13,14390,14817
978,10,0,0,4,10,14406,14416
979,12,1,1,4,11,14415,14427
980,12,0,0,4,12,14433,14445
981,35,13,0,9,22,14452,14487
982,13,0,0,6,13,14464,14477
983,25,6,6,9,19,14481,14506
984,67,57,23,9,10,14493,14560
985,10,0,0,4,10,14506,14516
986,17,0,0,2,17,14522,14539
987,17,0,0,1,17,14542,14559
988,46,29,10,9,17,14550,14596
989,5,0,0,4,5,14567,14572
990,14,0,0,2,14,14577,14591
991,376,358,358,10,18,14586,14962
992,17,0,0,2,17,14604,14621
993,15,3,3,9,12,14618,14633
994,19,0,0,2,19,14636,14655
995,17,3,3,7,14,14652,14669
996,13,0,0,4,13,14670,14683
997,342,327,327,10,15,14692,15034
998,14,0,0,4,14,14707,14721
999,14,0,0,1,14,14722,14736
1000,22,0,0,6,22,14740,14762
