Context Switch ¦¸¼Æ: ,0,Context Switch Cost: ,0, Average Waiting Time: ,119.245, Average TurnAround Time: ,134.288, Average Response Time: ,119.245, Longest Wait: ,8421, Longest Turn: ,8446, Longest Response: ,8421, end time ,15065, Throughput: ,0.066379

id,turnaround time,waiting time,response time,priority,burst time,arrive time,finished time
1,20,0,0,4,20,16,36
2,15,8,8,6,7,28,43
3,16,0,0,1,16,45,61
4,14,3,3,7,11,58,72
5,14,0,0,10,14,73,87
6,24,3,3,2,21,84,108
7,15,7,7,8,8,101,116
8,16,2,2,3,14,114,130
9,13,2,2,1,11,128,141
10,23,3,3,7,20,138,161
11,24,13,13,4,11,148,172
12,22,11,11,7,11,161,183
13,22,6,6,2,16,177,199
14,21,8,8,2,13,191,212
15,27,8,8,8,19,204,231
16,58,41,41,6,17,214,272
17,19,6,6,8,13,225,244
18,22,11,11,10,11,233,255
19,27,11,11,2,16,261,288
20,26,12,12,3,14,276,302
21,30,12,12,4,18,290,320
22,30,15,15,4,15,305,335
23,30,12,12,1,18,323,353
24,23,13,13,8,10,340,363
25,29,10,10,1,19,353,382
26,26,14,14,6,12,368,394
27,17,2,2,1,15,392,409
28,11,3,3,3,8,406,417
29,21,0,0,1,21,420,441
30,24,7,7,8,17,434,458
31,29,14,14,9,15,444,473
32,35,14,14,4,21,459,494
33,55,33,33,5,22,483,538
34,16,3,3,9,13,491,507
35,12,3,3,2,9,504,516
36,311,290,290,7,21,522,833
37,17,2,2,10,15,536,553
38,22,4,4,10,18,549,571
39,47,27,27,9,20,560,607
40,19,3,3,2,16,568,587
41,2646,2624,2624,6,22,581,3227
42,34,15,15,4,19,592,626
43,18,9,9,9,9,617,635
44,19,6,6,9,13,629,648
45,17,0,0,5,17,648,665
46,18,3,3,8,15,662,680
47,23,10,10,7,13,670,693
48,29,14,14,2,15,679,708
49,62,45,45,9,17,693,755
50,18,2,2,8,16,706,724
51,20,6,6,7,14,718,738
52,79,59,59,4,20,733,812
53,24,10,10,3,14,745,769
54,17,5,5,7,12,764,781
55,16,5,5,1,11,776,792
56,3478,3455,3455,4,23,794,4272
57,36,18,18,4,18,815,851
58,32,13,13,1,19,838,870
59,34,18,18,8,16,852,886
60,42,26,26,4,16,860,902
61,2738,2716,2716,10,22,872,3610
62,120,100,100,8,20,885,1005
63,16,4,4,10,12,898,914
64,15,0,0,7,15,914,929
65,21,7,7,6,14,922,943
66,22,6,6,3,16,937,959
67,22,6,6,3,16,953,975
68,13,3,3,7,10,972,985
69,55,35,35,2,20,985,1040
70,19,4,4,1,15,1001,1020
71,32,16,16,9,16,1024,1056
72,40,24,24,8,16,1032,1072
73,67,50,50,5,17,1044,1111
74,26,13,13,9,13,1059,1085
75,15,6,6,8,9,1079,1094
76,30,16,16,9,14,1095,1125
77,32,13,13,8,19,1112,1144
78,25,13,13,4,12,1131,1156
79,29,11,11,3,18,1145,1174
80,120,102,102,6,18,1151,1271
81,21,9,9,2,12,1165,1186
82,14,4,4,9,10,1182,1196
83,21,7,7,9,14,1189,1210
84,21,5,5,4,16,1205,1226
85,19,5,5,7,14,1221,1240
86,18,5,5,2,13,1235,1253
87,57,38,38,9,19,1251,1308
88,18,0,0,10,18,1271,1289
89,86,67,67,4,19,1283,1369
90,18,3,3,8,15,1305,1323
91,17,4,4,5,13,1319,1336
92,16,2,2,4,14,1334,1350
93,55,35,35,5,20,1345,1400
94,18,7,7,6,11,1362,1380
95,313,292,292,10,21,1378,1691
96,20,9,9,10,11,1391,1411
97,18,4,4,9,14,1407,1425
98,27,10,10,4,17,1415,1442
99,24,9,9,7,15,1433,1457
100,33,16,16,10,17,1441,1474
101,52,35,35,4,17,1455,1507
102,17,1,1,7,16,1473,1490
103,76,57,57,9,19,1486,1562
104,23,10,10,10,13,1497,1520
105,16,2,2,5,14,1518,1534
106,10,1,1,7,9,1533,1543
107,27,12,12,1,15,1550,1577
108,50,34,34,2,16,1566,1616
109,12,3,3,2,9,1574,1586
110,15,1,1,3,14,1585,1600
111,26,12,12,7,14,1604,1630
112,23,11,11,3,12,1619,1642
113,30,14,14,1,16,1628,1658
114,26,14,14,7,12,1644,1670
115,194,173,173,9,21,1660,1854
116,36,18,18,7,18,1673,1709
117,272,251,251,10,21,1685,1957
118,29,10,10,9,19,1699,1728
119,388,367,367,8,21,1711,2099
120,19,4,4,4,15,1724,1743
121,11,3,3,7,8,1740,1751
122,17,1,1,2,16,1750,1767
123,23,9,9,7,14,1758,1781
124,24,8,8,1,16,1773,1797
125,15,7,7,8,8,1790,1805
126,21,3,3,8,18,1802,1823
127,12,2,2,3,10,1821,1833
128,31,17,17,6,14,1837,1868
129,31,17,17,1,14,1851,1882
130,52,32,32,1,20,1867,1919
131,23,6,6,7,17,1876,1899
132,290,269,269,6,21,1895,2185
133,22,5,5,7,17,1914,1936
134,1739,1717,1717,6,22,1926,3665
135,30,17,17,6,13,1940,1970
136,29,12,12,1,17,1958,1987
137,34,17,17,4,17,1970,2004
138,69,51,51,6,18,1985,2054
139,22,7,7,2,15,1997,2019
140,24,7,7,5,17,2012,2036
141,2421,2398,2398,8,23,2026,4447
142,24,11,11,10,13,2043,2067
143,20,9,9,10,11,2058,2078
144,34,20,20,10,14,2079,2113
145,36,22,22,8,14,2091,2127
146,251,230,230,10,21,2110,2361
147,20,2,2,8,18,2125,2145
148,25,6,6,8,19,2139,2164
149,348,327,327,8,21,2158,2506
150,27,12,12,5,15,2173,2200
151,29,12,12,1,17,2188,2217
152,47,29,29,4,18,2203,2250
153,20,5,5,8,15,2212,2232
154,629,608,608,9,21,2222,2851
155,33,13,13,7,20,2237,2270
156,27,15,15,5,12,2255,2282
157,30,16,16,6,14,2266,2296
158,2384,2361,2361,1,23,2277,4661
159,22,7,7,2,15,2289,2311
160,25,15,15,8,10,2303,2328
161,9,2,2,1,7,2309,2318
162,12,0,0,9,12,2328,2340
163,31,20,20,3,11,2341,2372
164,21,9,9,7,12,2363,2384
165,23,11,11,6,12,2373,2396
166,20,11,11,8,9,2385,2405
167,23,6,6,9,17,2399,2422
168,22,5,5,1,17,2417,2439
169,24,7,7,3,17,2432,2456
170,22,8,8,2,14,2448,2470
171,20,5,5,5,15,2465,2485
172,69,53,53,2,16,2487,2556
173,21,11,11,3,10,2495,2516
174,19,6,6,6,13,2510,2529
175,13,2,2,3,11,2527,2540
176,51,32,32,10,19,2542,2593
177,20,2,2,5,18,2554,2574
178,582,561,561,10,21,2567,3149
179,35,16,16,7,19,2577,2612
180,42,26,26,3,16,2595,2637
181,14,5,5,6,9,2607,2621
182,30,12,12,9,18,2625,2655
183,67,48,48,6,19,2639,2706
184,24,6,6,6,18,2649,2673
185,19,5,5,7,14,2668,2687
186,44,29,29,4,15,2688,2732
187,11,0,0,2,11,2706,2717
188,24,10,10,4,14,2722,2746
189,29,9,9,4,20,2737,2766
190,45,31,31,4,14,2747,2792
191,14,2,2,1,12,2764,2778
192,21,12,12,4,9,2780,2801
193,23,7,7,4,16,2794,2817
194,16,3,3,4,13,2814,2830
195,30,20,20,2,10,2831,2861
196,44,30,30,1,14,2843,2887
197,17,5,5,3,12,2856,2873
198,35,20,20,2,15,2867,2902
199,43,25,25,1,18,2877,2920
200,1055,1033,1033,8,22,2890,3945
201,38,20,20,3,18,2900,2938
202,1207,1185,1185,7,22,2918,4125
203,20,2,2,1,18,2936,2956
204,24,8,8,5,16,2948,2972
205,18,3,3,3,15,2969,2987
206,25,9,9,4,16,2978,3003
207,58,41,41,7,17,2988,3046
208,11,0,0,7,11,3003,3014
209,15,0,0,5,15,3014,3029
210,36,18,18,3,18,3028,3064
211,1133,1111,1111,1,22,3045,4178
212,21,2,2,3,19,3062,3083
213,20,3,3,4,17,3080,3100
214,15,5,5,9,10,3095,3110
215,24,6,6,8,18,3104,3128
216,2639,2616,2616,10,23,3120,5759
217,31,17,17,2,14,3132,3163
218,42,27,27,9,15,3145,3187
219,10,1,1,6,9,3162,3172
220,26,8,8,8,18,3179,3205
221,2897,2874,2874,4,23,3190,6087
222,53,35,35,6,18,3206,3259
223,19,5,5,1,14,3222,3241
224,57,39,39,9,18,3236,3293
225,22,6,6,1,16,3253,3275
226,43,24,24,5,19,3269,3312
227,91,72,72,9,19,3280,3371
228,28,11,11,6,17,3301,3329
229,131,112,112,6,19,3310,3441
230,23,8,8,9,15,3321,3344
231,8,0,0,5,8,3344,3352
232,27,10,10,1,17,3361,3388
233,26,10,10,6,16,3378,3404
234,18,9,9,5,9,3395,3413
235,10,1,1,7,9,3412,3422
236,25,9,9,10,16,3432,3457
237,24,13,13,8,11,3444,3468
238,28,12,12,3,16,3456,3484
239,33,13,13,8,20,3471,3504
240,32,15,15,5,17,3489,3521
241,32,16,16,8,16,3505,3537
242,35,20,20,9,15,3525,3560
243,8,0,0,7,8,3537,3545
244,19,5,5,1,14,3555,3574
245,16,2,2,7,14,3572,3588
246,23,13,13,6,10,3597,3620
247,20,10,10,2,10,3610,3630
248,16,3,3,8,13,3627,3643
249,33,20,20,4,13,3645,3678
250,106,87,87,7,19,3659,3765
251,20,6,6,5,14,3672,3692
252,23,8,8,10,15,3684,3707
253,26,11,11,5,15,3696,3722
254,122,103,103,8,19,3705,3827
255,19,1,1,8,18,3721,3740
256,7,1,1,7,6,3739,3746
257,23,13,13,4,10,3752,3775
258,20,6,6,7,14,3769,3789
259,22,9,9,2,13,3780,3802
260,10,4,4,1,6,3798,3808
261,24,7,7,7,17,3820,3844
262,32,12,12,6,20,3832,3864
263,30,19,19,1,11,3845,3875
264,48,32,32,4,16,3855,3903
265,16,4,4,3,12,3871,3887
266,25,15,15,8,10,3888,3913
267,21,11,11,3,10,3902,3923
268,62,44,44,10,18,3927,3989
269,15,5,5,10,10,3940,3955
270,18,2,2,1,16,3953,3971
271,95,74,74,6,21,3971,4066
272,13,0,0,7,13,3989,4002
273,16,1,1,1,15,4001,4017
274,17,2,2,4,15,4015,4032
275,19,6,6,9,13,4026,4045
276,204,182,182,7,22,4037,4241
277,40,23,23,9,17,4050,4090
278,10,3,3,1,7,4063,4073
279,20,7,7,6,13,4083,4103
280,33,19,19,5,14,4106,4139
281,15,11,11,7,4,4128,4143
282,18,5,5,3,13,4138,4156
283,2748,2723,2723,4,25,4151,6899
284,23,11,11,3,12,4167,4190
285,25,9,9,10,16,4181,4206
286,2021,1998,1998,1,23,4190,6211
287,15,2,2,10,13,4204,4219
288,23,15,15,5,8,4226,4249
289,2033,2010,2010,9,23,4237,6270
290,58,43,43,1,15,4253,4311
291,15,5,5,5,10,4267,4282
292,19,5,5,6,14,4277,4296
293,65,50,50,9,15,4288,4353
294,21,7,7,6,14,4304,4325
295,15,2,2,1,13,4323,4338
296,40,26,26,1,14,4339,4379
297,13,1,1,5,12,4352,4365
298,26,13,13,6,13,4366,4392
299,19,3,3,2,16,4389,4408
300,19,3,3,4,16,4405,4424
301,78,56,56,8,22,4425,4503
302,14,0,0,10,14,4447,4461
303,20,0,0,3,20,4461,4481
304,33,20,20,8,13,4483,4516
305,40,24,24,3,16,4492,4532
306,1998,1975,1975,1,23,4507,6505
307,21,10,10,4,11,4522,4543
308,29,12,12,4,17,4531,4560
309,30,15,15,3,15,4545,4575
310,39,22,22,9,17,4553,4592
311,46,29,29,8,17,4569,4615
312,12,6,6,10,6,4586,4598
313,21,10,10,3,11,4605,4626
314,12,0,0,3,12,4626,4638
315,67,50,50,2,17,4646,4713
316,17,4,4,4,13,4657,4674
317,14,3,3,3,11,4671,4685
318,12,1,1,3,11,4684,4696
319,37,19,19,8,18,4694,4731
320,327,307,307,4,20,4705,5032
321,19,10,10,4,9,4721,4740
322,23,4,4,3,19,4736,4759
323,25,10,10,1,15,4749,4774
324,24,13,13,4,11,4761,4785
325,17,6,6,10,11,4779,4796
326,22,3,3,1,19,4793,4815
327,29,10,10,4,19,4805,4834
328,60,41,41,4,19,4818,4878
329,16,2,2,6,14,4832,4848
330,19,8,8,7,11,4840,4859
331,39,20,20,9,19,4858,4897
332,1971,1947,1947,3,24,4877,6848
333,18,9,9,6,9,4888,4906
334,17,5,5,3,12,4901,4918
335,21,2,2,10,19,4916,4937
336,18,1,1,9,17,4936,4954
337,21,6,6,6,15,4948,4969
338,22,5,5,5,17,4964,4986
339,19,6,6,2,13,4980,4999
340,16,3,3,8,13,4996,5012
341,153,133,133,6,20,5012,5165
342,23,9,9,1,14,5023,5046
343,23,7,7,9,16,5039,5062
344,24,12,12,8,12,5050,5074
345,27,14,14,3,13,5060,5087
346,27,10,10,1,17,5077,5104
347,26,12,12,2,14,5092,5118
348,20,7,7,7,13,5111,5131
349,22,8,8,5,14,5123,5145
350,437,416,416,9,21,5136,5573
351,44,29,29,10,15,5149,5193
352,13,0,0,8,13,5165,5178
353,33,16,16,3,17,5177,5210
354,44,26,26,10,18,5194,5238
355,14,4,4,3,10,5206,5220
356,24,13,13,4,11,5225,5249
357,23,7,7,3,16,5242,5265
358,25,11,11,8,14,5254,5279
359,36,21,21,9,15,5268,5304
360,12,2,2,8,10,5277,5289
361,197,179,179,5,18,5284,5481
362,26,9,9,10,17,5295,5321
363,23,9,9,3,14,5312,5335
364,22,5,5,2,17,5330,5352
365,28,11,11,2,17,5341,5369
366,111,94,94,2,17,5352,5463
367,18,6,6,2,12,5363,5381
368,20,7,7,7,13,5374,5394
369,20,7,7,7,13,5387,5407
370,24,8,8,5,16,5399,5423
371,21,9,9,7,12,5414,5435
372,14,3,3,4,11,5432,5446
373,227,205,205,5,22,5452,5679
374,24,5,5,5,19,5476,5500
375,29,11,11,1,18,5489,5518
376,25,11,11,9,14,5507,5532
377,22,11,11,7,11,5521,5543
378,16,7,7,2,9,5536,5552
379,25,17,17,6,8,5556,5581
380,30,9,9,2,21,5572,5602
381,30,13,13,3,17,5589,5619
382,22,8,8,5,14,5611,5633
383,23,7,7,1,16,5626,5649
384,15,7,7,7,8,5642,5657
385,25,12,12,7,13,5667,5692
386,18,7,7,4,11,5685,5703
387,24,5,5,1,19,5698,5722
388,21,7,7,9,14,5715,5736
389,884,861,861,1,23,5735,6619
390,22,8,8,9,14,5751,5773
391,25,3,3,8,22,5770,5795
392,60,39,39,7,21,5781,5841
393,11,0,0,8,11,5795,5806
394,16,2,2,10,14,5804,5820
395,31,19,19,1,12,5822,5853
396,27,15,15,2,12,5838,5865
397,30,14,14,2,16,5851,5881
398,38,25,25,2,13,5867,5905
399,16,5,5,10,11,5876,5892
400,48,28,28,10,20,5889,5937
401,14,2,2,7,12,5903,5917
402,45,29,29,6,16,5921,5966
403,14,1,1,5,13,5936,5950
404,27,14,14,3,13,5952,5979
405,30,12,12,1,18,5967,5997
406,37,18,18,5,19,5979,6016
407,51,31,31,2,20,5994,6045
408,12,3,3,7,9,6013,6025
409,24,13,13,9,11,6032,6056
410,15,7,7,7,8,6049,6064
411,31,18,18,10,13,6069,6100
412,30,10,10,1,20,6090,6120
413,28,16,16,3,12,6104,6132
414,29,9,9,1,20,6123,6152
415,20,9,9,7,11,6143,6163
416,18,3,3,1,15,6160,6178
417,15,5,5,4,10,6173,6188
418,29,21,21,7,8,6190,6219
419,26,10,10,9,16,6209,6235
420,18,6,6,6,12,6229,6247
421,33,20,20,8,13,6250,6283
422,35,13,13,7,22,6270,6305
423,36,21,21,5,15,6284,6320
424,47,29,29,7,18,6302,6349
425,14,3,3,8,11,6317,6331
426,105,85,85,5,20,6327,6432
427,28,11,11,8,17,6338,6366
428,30,11,11,1,19,6355,6385
429,24,15,15,8,9,6370,6394
430,23,14,14,8,9,6380,6403
431,17,8,8,2,9,6395,6412
432,8446,8421,8421,6,25,6412,14858
433,21,3,3,3,18,6429,6450
434,28,12,12,6,16,6438,6466
435,30,14,14,1,16,6452,6482
436,274,251,251,5,23,6468,6742
437,30,18,18,1,12,6487,6517
438,46,30,30,2,16,6499,6545
439,13,1,1,4,12,6516,6529
440,24,10,10,9,14,6535,6559
441,24,8,8,10,16,6551,6575
442,19,6,6,3,13,6569,6588
443,12,4,4,1,8,6584,6596
444,35,21,21,4,14,6598,6633
445,57,35,35,3,22,6609,6666
446,20,9,9,7,11,6624,6644
447,29,17,17,5,12,6649,6678
448,31,17,17,8,14,6661,6692
449,26,11,11,6,15,6681,6707
450,19,7,7,5,12,6700,6719
451,31,19,19,6,12,6723,6754
452,31,16,16,3,15,6738,6769
453,31,14,14,3,17,6755,6786
454,28,15,15,2,13,6771,6799
455,29,15,15,9,14,6784,6813
456,18,7,7,1,11,6806,6824
457,37,23,23,8,14,6825,6862
458,8038,8013,8013,9,25,6845,14883
459,15,3,3,1,12,6859,6874
460,50,34,34,5,16,6878,6928
461,14,1,1,6,13,6898,6912
462,31,15,15,3,16,6913,6944
463,39,23,23,3,16,6932,6971
464,12,1,1,10,11,6943,6955
465,32,15,15,8,17,6956,6988
466,31,14,14,3,17,6974,7005
467,92,73,73,7,19,6989,7081
468,17,2,2,8,15,7003,7020
469,18,7,7,4,11,7013,7031
470,26,8,8,2,18,7023,7049
471,122,101,101,8,21,7036,7158
472,17,4,4,5,13,7045,7062
473,48,32,32,4,16,7064,7112
474,16,1,1,8,15,7080,7096
475,26,9,9,8,17,7103,7129
476,16,8,8,9,8,7121,7137
477,32,21,21,7,11,7146,7178
478,11,2,2,4,9,7156,7167
479,29,6,6,8,23,7172,7201
480,25,14,14,2,11,7187,7212
481,27,11,11,9,16,7201,7228
482,787,765,765,3,22,7210,7997
483,25,4,4,6,21,7224,7249
484,25,13,13,1,12,7236,7261
485,88,72,72,4,16,7248,7336
486,18,3,3,6,15,7258,7276
487,23,9,9,1,14,7267,7290
488,24,9,9,1,15,7281,7305
489,18,3,3,6,15,7302,7320
490,62,45,45,2,17,7317,7379
491,26,10,10,8,16,7326,7352
492,82,63,63,1,19,7337,7419
493,14,4,4,6,10,7348,7362
494,16,6,6,10,10,7373,7389
495,13,2,2,3,11,7387,7400
496,23,10,10,3,13,7409,7432
497,24,10,10,2,14,7422,7446
498,43,27,27,1,16,7430,7473
499,13,2,2,3,11,7444,7457
500,42,26,26,7,16,7456,7498
501,12,3,3,2,9,7470,7482
502,34,17,17,2,17,7481,7515
503,27,15,15,1,12,7500,7527
504,33,14,14,5,19,7513,7546
505,29,13,13,10,16,7533,7562
506,35,17,17,10,18,7545,7580
507,37,19,19,5,18,7561,7598
508,45,27,27,8,18,7571,7616
509,506,484,484,4,22,7581,8087
510,30,15,15,3,15,7601,7631
511,27,10,10,1,17,7621,7648
512,22,6,6,4,16,7642,7664
513,23,15,15,7,8,7649,7672
514,24,9,9,8,15,7663,7687
515,39,25,25,4,14,7674,7713
516,13,1,1,3,12,7686,7699
517,30,12,12,3,18,7701,7731
518,44,26,26,7,18,7717,7761
519,12,0,0,5,12,7731,7743
520,30,14,14,9,16,7747,7777
521,56,40,40,10,16,7758,7814
522,14,8,8,2,6,7769,7783
523,18,3,3,1,15,7780,7798
524,35,16,16,5,19,7798,7833
525,38,17,17,3,21,7816,7854
526,57,42,42,5,15,7834,7891
527,17,7,7,9,10,7847,7864
528,18,6,6,6,12,7858,7876
529,40,20,20,5,20,7871,7911
530,7072,7046,7046,1,26,7887,14959
531,19,6,6,2,13,7905,7924
532,19,0,0,6,19,7924,7943
533,22,9,9,3,13,7934,7956
534,23,4,4,4,19,7952,7975
535,1283,1259,1259,3,24,7965,9248
536,28,16,16,4,12,7981,8009
537,41,26,26,4,15,7996,8037
538,14,1,1,7,13,8008,8022
539,24,11,11,1,13,8026,8050
540,21,6,6,9,15,8044,8065
541,26,20,20,1,6,8067,8093
542,26,16,16,1,10,8077,8103
543,32,14,14,4,18,8089,8121
544,237,214,214,8,23,8097,8334
545,22,7,7,8,15,8114,8136
546,22,10,10,7,12,8126,8148
547,18,6,6,2,12,8142,8160
548,22,8,8,2,14,8152,8174
549,30,13,13,5,17,8161,8191
550,27,11,11,6,16,8180,8207
551,24,14,14,2,10,8193,8217
552,23,10,10,4,13,8207,8230
553,970,947,947,10,23,8215,9185
554,16,6,6,5,10,8224,8240
555,12,1,1,10,11,8239,8251
556,13,1,1,4,12,8250,8263
557,24,2,2,9,22,8261,8285
558,26,11,11,9,15,8274,8300
559,16,5,5,10,11,8295,8311
560,37,21,21,6,16,8313,8350
561,67,46,46,1,21,8326,8393
562,21,11,11,1,10,8339,8360
563,19,7,7,1,12,8353,8372
564,28,18,18,3,10,8375,8403
565,51,36,36,7,15,8391,8442
566,15,5,5,5,10,8398,8413
567,15,1,1,8,14,8412,8427
568,80,62,62,2,18,8423,8503
569,20,5,5,2,15,8437,8457
570,24,7,7,8,17,8450,8474
571,19,8,8,10,11,8466,8485
572,84,66,66,4,18,8478,8562
573,25,13,13,10,12,8490,8515
574,19,7,7,3,12,8508,8527
575,17,0,0,3,17,8527,8544
576,3268,3244,3244,9,24,8541,11809
577,32,14,14,1,18,8548,8580
578,38,19,19,4,19,8561,8599
579,29,18,18,1,11,8581,8610
580,29,11,11,6,18,8599,8628
581,6422,6395,6395,2,27,8616,15038
582,22,5,5,4,17,8623,8645
583,24,9,9,1,15,8636,8660
584,28,7,7,3,21,8653,8681
585,22,14,14,8,8,8667,8689
586,22,3,3,1,19,8686,8708
587,24,10,10,6,14,8698,8722
588,36,21,21,9,15,8712,8748
589,12,1,1,1,11,8721,8733
590,63,45,45,5,18,8735,8798
591,16,0,0,4,16,8748,8764
592,22,6,6,1,16,8758,8780
593,118,98,98,8,20,8769,8887
594,30,16,16,6,14,8782,8812
595,63,47,47,6,16,8794,8857
596,17,2,2,4,15,8810,8827
597,17,3,3,1,14,8824,8841
598,201,179,179,3,22,8839,9040
599,17,7,7,5,10,8850,8867
600,69,53,53,4,16,8871,8940
601,18,4,4,3,14,8883,8901
602,17,2,2,6,15,8899,8916
603,11,3,3,7,8,8913,8924
604,40,26,26,2,14,8927,8967
605,14,1,1,10,13,8939,8953
606,18,9,9,2,9,8958,8976
607,20,6,6,1,14,8970,8990
608,20,8,8,2,12,8982,9002
609,15,10,10,5,5,8992,9007
610,12,1,1,3,11,9006,9018
611,27,18,18,9,9,9022,9049
612,32,10,10,8,22,9039,9071
613,42,31,31,6,11,9050,9092
614,21,11,11,10,10,9060,9081
615,33,21,21,10,12,9071,9104
616,45,27,27,6,18,9088,9133
617,12,1,1,2,11,9103,9115
618,24,11,11,8,13,9122,9146
619,23,7,7,4,16,9139,9162
620,46,30,30,2,16,9164,9210
621,9,0,0,2,9,9185,9194
622,14,0,0,9,14,9210,9224
623,34,21,21,4,13,9227,9261
624,45,23,23,1,22,9238,9283
625,1001,978,978,4,23,9259,10260
626,38,21,21,9,17,9272,9310
627,14,4,4,4,10,9279,9293
628,54,36,36,6,18,9291,9345
629,29,12,12,2,17,9298,9327
630,140,121,121,10,19,9313,9453
631,56,38,38,1,18,9326,9382
632,17,5,5,4,12,9340,9357
633,15,8,8,5,7,9349,9364
634,36,24,24,8,12,9368,9404
635,14,4,4,7,10,9378,9392
636,96,77,77,6,19,9390,9486
637,13,0,0,1,13,9404,9417
638,17,0,0,9,17,9417,9434
639,31,17,17,8,14,9436,9467
640,5456,5431,5431,7,25,9452,14908
641,51,31,31,1,20,9464,9515
642,15,6,6,6,9,9480,9495
643,63,43,43,5,20,9491,9554
644,86,66,66,9,20,9502,9588
645,19,0,0,5,19,9515,9534
646,30,16,16,6,14,9538,9568
647,106,86,86,4,20,9553,9659
648,34,17,17,8,17,9571,9605
649,24,16,16,3,8,9589,9613
650,12,5,5,9,7,9608,9620
651,19,0,0,1,19,9620,9639
652,777,754,754,7,23,9625,10402
653,105,86,86,7,19,9641,9746
654,19,7,7,5,12,9652,9671
655,17,5,5,7,12,9666,9683
656,20,2,2,2,18,9681,9701
657,17,0,0,3,17,9701,9718
658,10,1,1,3,9,9717,9727
659,29,13,13,8,16,9733,9762
660,24,13,13,6,11,9749,9773
661,33,14,14,2,19,9759,9792
662,26,13,13,8,13,9779,9805
663,20,7,7,9,13,9798,9818
664,37,15,15,7,22,9803,9840
665,40,21,21,7,19,9819,9859
666,181,159,159,8,22,9835,10016
667,24,8,8,2,16,9851,9875
668,29,15,15,7,14,9860,9889
669,49,34,34,6,15,9868,9917
670,22,9,9,1,13,9880,9902
671,67,50,50,4,17,9890,9957
672,16,4,4,7,12,9913,9929
673,12,1,1,7,11,9928,9940
674,24,9,9,10,15,9948,9972
675,19,8,8,5,11,9964,9983
676,12,1,1,3,11,9982,9994
677,33,20,20,5,13,9996,10029
678,69,47,47,10,22,10013,10082
679,19,1,1,1,18,10028,10047
680,20,7,7,8,13,10040,10060
681,66,48,48,8,18,10062,10128
682,27,11,11,3,16,10071,10098
683,26,14,14,6,12,10084,10110
684,67,48,48,4,19,10099,10166
685,1307,1284,1284,7,23,10107,11414
686,21,11,11,2,10,10117,10138
687,12,3,3,5,9,10135,10147
688,24,12,12,10,12,10154,10178
689,29,9,9,4,20,10169,10198
690,25,12,12,4,13,10186,10211
691,24,10,10,7,14,10201,10225
692,20,8,8,6,12,10217,10237
693,31,22,22,4,9,10238,10269
694,30,13,13,6,17,10256,10286
695,26,11,11,4,15,10275,10301
696,25,10,10,2,15,10291,10316
697,22,8,8,3,14,10308,10330
698,26,6,6,7,20,10324,10350
699,25,12,12,9,13,10338,10363
700,20,4,4,10,16,10359,10379
701,87,72,72,8,15,10380,10467
702,37,23,23,4,14,10390,10427
703,12,1,1,6,11,10401,10413
704,37,24,24,6,13,10415,10452
705,14,2,2,5,12,10425,10439
706,42,25,25,2,17,10442,10484
707,90,73,73,8,17,10453,10543
708,43,28,28,9,15,10470,10513
709,19,5,5,1,14,10479,10498
710,81,64,64,10,17,10495,10576
711,20,7,7,8,13,10506,10526
712,110,91,91,10,19,10516,10626
713,139,120,120,3,19,10529,10668
714,18,2,2,3,16,10541,10559
715,265,245,245,5,20,10556,10821
716,25,12,12,9,13,10564,10589
717,21,3,3,7,18,10586,10607
718,395,375,375,10,20,10600,10995
719,19,8,8,10,11,10618,10637
720,16,4,4,10,12,10633,10649
721,99,80,80,5,19,10651,10750
722,13,2,2,7,11,10666,10679
723,19,1,1,7,18,10678,10697
724,15,6,6,8,9,10691,10706
725,17,0,0,4,17,10706,10723
726,11,3,3,2,8,10720,10731
727,24,13,13,2,11,10737,10761
728,24,11,11,8,13,10750,10774
729,21,7,7,9,14,10767,10788
730,13,0,0,10,13,10788,10801
731,32,18,18,7,14,10803,10835
732,30,15,15,8,15,10820,10850
733,19,10,10,5,9,10840,10859
734,20,1,1,3,19,10858,10878
735,21,8,8,3,13,10870,10891
736,16,5,5,9,11,10886,10902
737,25,9,9,6,16,10893,10918
738,31,15,15,2,16,10903,10934
739,27,14,14,9,13,10920,10947
740,437,416,416,9,21,10936,11373
741,17,1,1,2,16,10946,10963
742,15,3,3,7,12,10960,10975
743,30,18,18,8,12,10977,11007
744,57,41,41,4,16,10991,11048
745,12,2,2,1,10,11005,11017
746,15,0,0,3,15,11017,11032
747,47,29,29,2,18,11031,11078
748,13,1,1,7,12,11047,11060
749,27,14,14,4,13,11064,11091
750,34,14,14,4,20,11077,11111
751,29,15,15,9,14,11096,11125
752,148,130,130,8,18,11110,11258
753,16,6,6,10,10,11119,11135
754,33,18,18,5,15,11128,11161
755,11,0,0,8,11,11135,11146
756,32,17,17,5,15,11144,11176
757,20,11,11,7,9,11165,11185
758,23,7,7,9,16,11178,11201
759,26,9,9,2,17,11192,11218
760,22,12,12,7,10,11206,11228
761,15,3,3,10,12,11225,11240
762,31,16,16,8,15,11242,11273
763,25,9,9,6,16,11264,11289
764,27,14,14,6,13,11275,11302
765,38,24,24,2,14,11290,11328
766,14,2,2,8,12,11300,11314
767,27,13,13,6,14,11315,11342
768,20,10,10,10,10,11332,11352
769,3582,3557,3557,9,25,11351,14933
770,18,0,0,6,18,11373,11391
771,67,50,50,8,17,11392,11459
772,21,7,7,10,14,11407,11428
773,20,6,6,4,14,11422,11442
774,50,29,29,5,21,11442,11492
775,17,5,5,5,12,11454,11471
776,31,17,17,5,14,11475,11506
777,37,23,23,9,14,11494,11531
778,11,0,0,7,11,11506,11517
779,30,12,12,3,18,11519,11549
780,28,16,16,2,12,11533,11561
781,29,13,13,10,16,11548,11577
782,30,10,10,1,20,11567,11597
783,34,16,16,2,18,11581,11615
784,29,16,16,1,13,11599,11628
785,28,13,13,6,15,11615,11643
786,54,39,39,1,15,11628,11682
787,10,0,0,5,10,11643,11653
788,14,0,0,4,14,11653,11667
789,23,10,10,1,13,11672,11695
790,29,12,12,6,17,11683,11712
791,30,9,9,10,21,11703,11733
792,3351,3324,3324,2,27,11714,15065
793,25,12,12,5,13,11721,11746
794,31,16,16,5,15,11730,11761
795,21,10,10,9,11,11751,11772
796,18,5,5,7,13,11767,11785
797,38,22,22,4,16,11787,11825
798,84,64,64,4,20,11798,11882
799,23,6,6,8,17,11819,11842
800,18,6,6,4,12,11836,11854
801,8,0,0,9,8,11854,11862
802,32,19,19,5,13,11863,11895
803,38,16,16,6,22,11879,11917
804,35,21,21,5,14,11896,11931
805,32,18,18,1,14,11913,11945
806,35,19,19,10,16,11926,11961
807,118,99,99,9,19,11938,12056
808,47,33,33,10,14,11948,11995
809,12,1,1,8,11,11960,11972
810,14,5,5,1,9,11967,11981
811,28,10,10,1,18,11985,12013
812,22,13,13,7,9,12000,12022
813,24,9,9,2,15,12013,12037
814,68,47,47,4,21,12030,12098
815,23,14,14,7,9,12042,12065
816,20,8,8,9,12,12057,12077
817,96,75,75,4,21,12074,12170
818,30,14,14,3,16,12084,12114
819,23,14,14,2,9,12100,12123
820,22,8,8,6,14,12115,12137
821,17,5,5,8,12,12132,12149
822,26,17,17,3,9,12153,12179
823,28,7,7,7,21,12172,12200
824,30,12,12,5,18,12188,12218
825,30,16,16,9,14,12202,12232
826,49,32,32,7,17,12214,12263
827,16,2,2,3,14,12230,12246
828,59,37,37,4,22,12244,12303
829,18,9,9,2,9,12254,12272
830,16,7,7,10,9,12265,12281
831,45,29,29,7,16,12284,12329
832,18,8,8,3,10,12295,12313
833,37,21,21,4,16,12308,12345
834,85,66,66,4,19,12324,12409
835,17,5,5,7,12,12340,12357
836,17,6,6,4,11,12351,12368
837,12,1,1,4,11,12367,12379
838,12,1,1,5,11,12378,12390
839,30,18,18,3,12,12391,12421
840,28,10,10,1,18,12411,12439
841,17,8,8,7,9,12431,12448
842,14,4,4,6,10,12444,12458
843,26,3,3,10,23,12455,12481
844,30,17,17,10,13,12464,12494
845,56,36,36,1,20,12475,12531
846,20,3,3,8,17,12491,12511
847,121,101,101,8,20,12503,12624
848,30,14,14,7,16,12517,12547
849,45,26,26,1,19,12533,12578
850,13,1,1,1,12,12546,12559
851,30,18,18,2,12,12560,12590
852,28,14,14,10,14,12576,12604
853,234,213,213,3,21,12590,12824
854,37,19,19,1,18,12605,12642
855,171,151,151,4,20,12619,12790
856,25,13,13,3,12,12629,12654
857,56,41,41,7,15,12640,12696
858,18,4,4,6,14,12650,12668
859,26,13,13,6,13,12655,12681
860,56,40,40,9,16,12673,12729
861,17,9,9,5,8,12687,12704
862,16,7,7,5,9,12697,12713
863,24,13,13,1,11,12716,12740
864,34,21,21,10,13,12719,12753
865,38,21,21,8,17,12732,12770
866,2062,2038,2038,7,24,12747,14809
867,2068,2044,2044,4,24,12765,14833
868,22,9,9,1,13,12781,12803
869,36,20,20,3,16,12804,12840
870,33,11,11,8,22,12829,12862
871,31,17,17,4,14,12845,12876
872,33,17,17,9,16,12859,12892
873,34,18,18,5,16,12874,12908
874,70,54,54,5,16,12885,12955
875,16,8,8,9,8,12900,12916
876,18,6,6,6,12,12910,12928
877,13,2,2,2,11,12926,12939
878,28,14,14,8,14,12941,12969
879,34,19,19,2,15,12950,12984
880,42,26,26,4,16,12969,13011
881,13,2,2,9,11,12982,12995
882,27,11,11,3,16,13000,13027
883,41,21,21,4,20,13019,13060
884,13,0,0,3,13,13027,13040
885,28,15,15,5,13,13045,13073
886,33,13,13,9,20,13060,13093
887,93,73,73,6,20,13073,13166
888,28,9,9,4,19,13084,13112
889,34,18,18,7,16,13094,13128
890,37,19,19,1,18,13109,13146
891,96,76,76,2,20,13124,13220
892,1221,1198,1198,3,23,13144,14365
893,16,7,7,5,9,13159,13175
894,16,6,6,4,10,13169,13185
895,15,0,0,3,15,13185,13200
896,244,222,222,3,22,13200,13444
897,29,10,10,2,19,13210,13239
898,542,520,520,8,22,13223,13765
899,29,9,9,5,20,13230,13259
900,31,15,15,4,16,13244,13275
901,1732,1706,1706,7,26,13253,14985
902,26,10,10,10,16,13265,13291
903,28,10,10,4,18,13281,13309
904,37,25,25,2,12,13295,13332
905,15,4,4,4,11,13305,13320
906,23,10,10,2,13,13322,13345
907,23,5,5,7,18,13340,13363
908,21,10,10,8,11,13353,13374
909,24,7,7,2,17,13367,13391
910,21,7,7,10,14,13384,13405
911,31,14,14,1,17,13391,13422
912,1594,1568,1568,10,26,13417,15011
913,25,12,12,4,13,13432,13457
914,27,10,10,6,17,13447,13474
915,21,10,10,2,11,13464,13485
916,22,3,3,9,19,13482,13504
917,22,9,9,5,13,13495,13517
918,20,8,8,9,12,13509,13529
919,25,5,5,2,20,13524,13549
920,21,12,12,1,9,13537,13558
921,23,6,6,10,17,13552,13575
922,27,8,8,5,19,13567,13594
923,30,13,13,5,17,13581,13611
924,22,12,12,6,10,13599,13621
925,27,12,12,10,15,13609,13636
926,25,14,14,7,11,13622,13647
927,30,10,10,10,20,13637,13667
928,379,357,357,1,22,13647,14026
929,29,8,8,4,21,13659,13688
930,24,12,12,7,12,13676,13700
931,25,10,10,6,15,13690,13715
932,39,20,20,1,19,13704,13743
933,10,1,1,6,9,13714,13724
934,488,466,466,9,22,13728,14216
935,114,94,94,4,20,13745,13859
936,21,2,2,2,19,13763,13784
937,22,7,7,3,15,13777,13799
938,21,6,6,10,15,13793,13814
939,23,8,8,9,15,13806,13829
940,15,5,5,4,10,13824,13839
941,62,45,45,1,17,13842,13904
942,16,2,2,9,14,13857,13873
943,15,1,1,3,14,13872,13887
944,47,30,30,4,17,13887,13934
945,16,3,3,7,13,13901,13917
946,31,13,13,6,18,13921,13952
947,19,9,9,2,10,13943,13962
948,21,6,6,1,15,13956,13977
949,13,0,0,5,13,13977,13990
950,15,1,1,5,14,13989,14004
951,30,15,15,3,15,14011,14041
952,41,26,26,4,15,14026,14067
953,13,2,2,1,11,14039,14052
954,21,9,9,7,12,14058,14079
955,25,7,7,1,18,14072,14097
956,32,14,14,10,18,14083,14115
957,30,12,12,6,18,14103,14133
958,667,644,644,1,23,14118,14785
959,19,3,3,10,16,14130,14149
960,17,6,6,1,11,14143,14160
961,19,6,6,9,13,14154,14173
962,20,9,9,5,11,14164,14184
963,19,9,9,3,10,14175,14194
964,41,25,25,4,16,14202,14243
965,11,0,0,6,11,14216,14227
966,24,7,7,6,17,14236,14260
967,24,9,9,7,15,14251,14275
968,23,9,9,8,14,14266,14289
969,23,8,8,7,15,14281,14304
970,30,14,14,5,16,14290,14320
971,22,11,11,1,11,14309,14331
972,17,6,6,7,11,14325,14342
973,31,22,22,6,9,14343,14374
974,29,20,20,5,9,14354,14383
975,31,20,20,1,11,14363,14394
976,77,57,57,2,20,14371,14448
977,17,4,4,10,13,14390,14407
978,11,1,1,4,10,14406,14417
979,13,2,2,4,11,14415,14428
980,27,15,15,4,12,14433,14460
981,30,8,8,9,22,14452,14482
982,31,18,18,6,13,14464,14495
983,43,24,24,9,19,14481,14524
984,12,2,2,9,10,14493,14505
985,28,18,18,4,10,14506,14534
986,29,12,12,2,17,14522,14551
987,26,9,9,1,17,14542,14568
988,40,23,23,9,17,14550,14590
989,6,1,1,4,5,14567,14573
990,27,13,13,2,14,14577,14604
991,65,47,47,10,18,14586,14651
992,17,0,0,2,17,14604,14621
993,15,3,3,9,12,14618,14633
994,34,15,15,2,19,14636,14670
995,45,31,31,7,14,14652,14697
996,13,0,0,4,13,14670,14683
997,20,5,5,10,15,14692,14712
998,19,5,5,4,14,14707,14726
999,18,4,4,1,14,14722,14740
1000,22,0,0,6,22,14740,14762
